<?xml version="1.0" encoding="UTF-8"?>
<!DOCTYPE mapper
PUBLIC "-//mybatis.org//DTD Mapper 3.0//EN"
"http://mybatis.org/dtd/mybatis-3-mapper.dtd">

<!-- mapper 설정 -->
<mapper namespace="com.ssafy.drama.model.dao.DramaDao"> 

	<!-- 전체 드라마 조회 -->
	<!-- 별다른 조건없이 db의 'drama' table에서 전부 가져온다  -->
	<select id="selectAll" resultType="Drama">
		SELECT *
		FROM drama
	</select>
	
	<!-- 하나의 드라마 조회 -->
	<!-- db의 'drama' table에서 제시된 id와 id가 일치하는 드라마를 가져온다 -->
	<select id="selectOne" parameterType="int" resultType="Drama">
		SELECT *
		FROM drama
		WHERE id = #{id}
	</select>
	
	<!-- 드라마 등록 -->
	<!-- db의 'drama' table에 새롭게 드라마를 넣어준다  -->
	<insert id="insertDrama" parameterType="Drama" keyProperty="id" useGeneratedKeys="true">
		INSERT INTO drama (title, screenwriter, director, actors)
		VALUES (#{title}, #{screenwriter}, #{director}, #{actors})
	</insert>
	
	<!-- 드라마 삭제 -->
	<!-- db의 'drama' table에서 제시된 id와 id가 일치하는 드라마를 삭제한다 -->
	<delete id="deleteDrama" parameterType="int">
		DELETE FROM drama
		WHERE id = #{id}
	</delete>
	
	<!-- 드라마 수정 -->
	<!-- db의 'drama' table에서 제시된 id와 id가 일치하는 드라마를 수정한다  --> 
	<update id="updateDrama" parameterType="Drama">
		UPDATE drama
		SET title = #{title}, screenwriter = #{screenwriter}, director = #{director}, actors = #{actors}
		WHERE id = #{id} 
	</update>	
		
	<!-- 배우 이름으로 검색 -->
	<!-- 제시된 배우가 출현한 드라마를 검색한다  -->
	<select id="selectOne2" resultType="Drama" parameterType="String">
		SELECT *
		FROM drama
		WHERE actors like concat('%', #{actor}, '%')
	</select>
	
	
	
	
</mapper>