<?xml version="1.0" encoding="UTF-8"?>
<!DOCTYPE mapper
PUBLIC "-//mybatis.org//DTD Mapper 3.0//EN"
"http://mybatis.org/dtd/mybatis-3-mapper.dtd">
<mapper namespace="com.ssafy.board.model.dao.BoardDao">

	<resultMap type="Board" id="boardMap">
		<result column="id" property="id"/>
		<result column="writer" property="writer"/>
		<result column="title" property="title"/>
		<result column="content" property="content"/>
		<result column="reg_date" property="regDate"/>
		<result column="view_cnt" property="viewCnt"/>
	</resultMap>

	<!-- 전체 글 조회 -->
	<select id="selectAll" resultType="Board">
		SELECT id, writer, content, title, view_cnt as viewCnt, date_format(reg_date, '%Y-%M-%d') as regDate 
		FROM board
	</select>
	
	<!-- 하나의 게시글 조회 -->
	<select id="selectOne" parameterType="int" resultMap="boardMap">
		SELECT id, writer, content, title, view_cnt, date_format(reg_date, '%Y-%M-%d %H:%i:%s') as reg_date
		FROM board
		WHERE id = #{id}
	</select>
	
	<!-- 게시글 등록 -->
	<insert id="insertBoard" parameterType="Board" keyProperty="id" useGeneratedKeys="true">
		INSERT INTO board (title, writer, content)
		VALUES (#{title}, #{writer}, #{content})
	</insert>
	
	<!-- 게시글 삭제 -->
	<delete id="deleteBoard" parameterType="int">
		DELETE FROM board
		WHERE id = #{id}
	</delete>
	
	<!-- 게시글 업데이트 지금 한번만 등록날짜를 그냥 수정날짜처럼 활용을 해본 것이다. --> 
	<update id="updateBoard" parameterType="Board">
		UPDATE board
		SET title = #{title}, content = #{content}, reg_date = now()
		WHERE id = #{id} 
	</update>	
	
	<!-- 조회수 증가 -->
	<update id="updateViewCnt" parameterType="int">
		UPDATE board
		SET view_cnt = view_cnt + 1
		WHERE id = #{id}
	</update>
	
	<!-- 검색기능 -->
	<select id="search" resultType="Board" parameterType="SearchCondition">
		SELECT id, writer, content, title, view_cnt as viewCnt, date_format(reg_date, '%Y-%M-%d') as regDate 
		FROM board
		<!-- 어떤기준으로 검색을 할거냐  -->
		<if test="key != 'none'">
			WHERE ${key} like concat('%', #{word}, '%')
		</if>
		<!-- 어떤기준으로 어느방향으로 정렬할거냐  -->
		<if test="orderBy != 'none'">
			order by ${orderBy} ${orderByDir}
		</if>
	</select>
	
	
	
	
</mapper>