<?xml version="1.0" encoding="UTF-8"?>
<!DOCTYPE mapper PUBLIC "-//mybatis.org//DTD Mapper 3.0//EN" "https://mybatis.org/dtd/mybatis-3-mapper.dtd"  >
<mapper namespace="com.ssafy.ssafit.model.dao.ReviewDao">

	<select id="getList" resultType="Review">
		SELECT reviewId as id, vCode, writer, content
		FROM review
	</select>
	
	<insert id="insert" parameterType="Review">
		INSERT INTO review
		VALUES (0, #{vCode}, #{writer}, #{content})
	</insert>
	
	<update id="update" parameterType="Review">
		UPDATE review
		SET content = #{content}
		WHERE reviewId = #{id}
	</update>
	
	<select id="selectOne" resultType="Review">
		SELECT reviewId as id, vCode, writer, content
		FROM review
		WHERE reviewId = #{reviewId}
	</select>
	
	<delete id="delete">
		DELETE FROM review
		WHERE reviewId = #{reviewId}
	</delete>
	
</mapper>