<?xml version="1.0" encoding="UTF-8"?>

<!DOCTYPE mapper
  PUBLIC "-//mybatis.org//DTD Mapper 3.0//EN"
  "https://mybatis.org/dtd/mybatis-3-mapper.dtd">
  
<mapper namespace="com.ssafy.ssafit.model.dao.VideoDao">
	
	<select id="search" parameterType="SearchCondition" resultType="Video">
		SELECT *
		FROM video
		<where>
			<if test="key != 'none'">
				${key} = #{input}
			</if>
		</where>
		<if test="orderBy != 'none'">
			ORDER BY ${orderBy} ${orderDir}
		</if>
	</select>
	
</mapper>

